Feature,Coefficient
CharCount,0.06367219123234957
WordCount,-0.25649429157210357
SentenceCount,-0.1654908067069369
AvgWordLength,0.03752230577561693
aah,-0.013298186981571737
aathilove,-0.010988413216510803
aathiwhere,-0.05092537700017431
abi,-0.017600439293990053
ability,-0.04566445525859271
abiola,-0.11569857389818464
able,-0.2726692678610097
abt,-0.28697754470120806
abta,0.03928316027616238
aburo,-0.03874425657148932
ac,0.7142605367354853
academic,-0.3854109073624294
acc,-0.05635809634041144
accept,-0.3158988537332925
access,0.6307438045914716
accident,0.05689847382115787
accidentally,-0.1360356778694143
accordingly,0.30210784777726035
account,0.18387743908266682
ache,-0.0027408963451765974
across,-0.11911955620582683
action,0.11540165789262759
activate,0.06841733141452605
activity,-0.01668878365649824
actually,-0.5036253162667299
ad,0.23500402344254537
add,-0.12652910534379797
added,0.027575394816432175
addicted,-0.07731499629810928
addie,-0.02729769293110268
address,-0.1109608588571892
admirer,0.7580654543654256
adore,-0.0148228440090559
adult,0.6403741424826592
advance,-0.17304826005416252
advice,-0.08953875166054258
advise,0.18430887561701645
ae,0.061104638439442145
affair,-0.02782870214505878
affection,-0.047114097234607105
afraid,0.2995454132376775
aft,-0.07631217674964348
afternoon,-0.39552986026227155
aftr,-0.11222752118858864
age,1.106099803811668
ago,-0.10718701685584456
ah,-0.17546841235512894
aha,-0.08708280803332966
ahead,-0.09795675348028116
ahmad,-0.016956497521988904
aight,-0.34713216469076696
aint,-0.1168084271460178
air,-0.38017022047764876
airport,-0.021531917181523787
aiya,-0.013243640845102033
aiyah,-0.03031063167795856
aiyar,-0.02606127454674734
aiyo,-0.04046574578008671
al,-0.16717518888542748
alcohol,-0.03893365790150738
alert,0.5108680845511523
alex,-0.06812168907327688
alfie,0.2503525782323445
allah,-0.15447308005518534
almost,-0.12952189397776553
alone,0.1865169734088577
along,-0.008721135575480038
already,-0.5118170367931446
alright,-0.26828469773164176
alrite,-0.09002046501132795
also,-0.3931264516256926
always,-0.6421576017581541
alwys,-0.03536844792564811
amazing,0.2845160094198367
american,-0.09299720327364414
among,0.2110419473039053
amount,-0.040069765874145125
amp,-1.2628686388456236
ampm,0.6782851694161922
amt,-0.031521512545110764
an,0.5457960197516536
angry,-0.1372767127479877
announcement,0.6344552777738194
another,-0.305401941716784
ansr,0.4935982553974334
answer,0.33547646732975045
answering,-0.1225501614618613
anti,-0.04965575427038727
anybody,-0.24708683945464233
anymore,-0.07161481017570029
anyone,-0.13563042567651576
anythin,-0.04079978900547478
anything,-0.8012594070048891
anytime,0.12412373355514307
anyway,-0.24327933319975814
anyways,-0.08018054877491614
anywhere,-0.061252700958532774
apartment,-0.04404005077012762
apologise,-0.10090177363935376
app,0.16021248618313694
apparently,-0.08612612916062452
apply,1.1678553410279302
appointment,-0.06971578239874193
appreciate,-0.16567427365769447
apps,-0.04356173048693963
appt,-0.009025327188064567
april,-0.08974007684173352
ar,-0.013973051749897809
arcade,0.6410551667324207
ard,-0.09583344566128418
area,0.3279486529866676
arent,-0.08454228677843649
argh,-0.0919686451885683
argue,-0.05632170153946756
argument,-0.17163046327772277
arm,-0.09247438692446806
armand,-0.1369817705237905
arng,-0.018410823860183004
around,-0.7670428868115653
arrange,0.019080306059121248
arrested,-0.17028774885611975
arrive,0.09471764898953253
arsenal,0.38267369754865116
art,-0.04727632213004561
arun,-0.060511931236598385
as,-0.12152142037107645
asap,0.43225354860982834
ask,-0.7094998902275086
askd,-0.1424253248536439
asked,0.27879074151377703
askin,-0.10043281989277589
asking,-0.1598936637194799
asks,-0.28588449311712877
asleep,-0.08049290710245383
assume,-0.0487083576278477
ate,-0.024583924524915347
atlanta,-0.09991180113105551
atm,-0.027199464635442604
attempt,0.5970859703272847
attend,-0.03838315445896063
auction,1.115354015348076
audition,-0.036840559204600644
august,0.5228540359525644
aunt,-0.06251915226117513
aunty,-0.09569117277598124
auto,-0.02706518819997738
available,-0.09611157469270018
avatar,-0.0739275160647885
ave,0.03923209587160267
avent,-0.05524705471672772
await,0.4286954041902936
awaiting,0.5567727515440593
awake,-0.041367064071167664
award,1.0024796097997153
awarded,0.9678669607081027
away,0.08315531553010436
awesome,-0.25202283575657747
babe,0.3406235629751792
baby,0.06363292960062815
back,0.27089727658030444
bad,-0.13877542186634173
bag,-0.1077062564396692
bahamas,0.10135120646939809
bak,-0.11591474812085001
balance,0.3154818092669321
ball,-0.026035734862146227
bank,-0.329007357537084
bar,-0.05383119987493513
barely,-0.03978633332006516
basic,-0.08917309718678389
basically,-0.06813030742821304
bat,-0.0602081915213666
bath,-0.10865097111389688
bathe,-0.04977302269324604
bathing,-0.031180001118461198
battery,-0.08458282943903547
bay,-0.05235232787521972
bb,-0.09813525921754569
bcm,0.07349680457368384
bcoz,-0.266246531771491
bcums,-0.047114097234607105
bday,-0.05223390090222155
bear,0.08434467178297418
beautiful,-0.5108231982903155
beauty,-0.040182558705632594
become,0.27705236566328595
becoz,-0.04779784424193843
bed,-0.4633042952719054
bedroom,0.2141745017701869
beer,-0.08205064458059202
befor,-0.03261272587686641
begin,0.1654508182004871
behave,-0.06448540429366904
behind,-0.14851639967326724
bein,-0.025006866788390748
believe,0.02489592849500422
bell,-0.02356741180885182
belly,-0.0342503239672985
belovd,-0.19558183175612695
ben,0.340260902611554
best,-0.13730809686401335
bet,-0.022393194196631414
better,-0.08860295252773025
beware,-0.0634768050412271
beyond,-0.060075271131506104
bf,-0.023427621313830825
bid,1.307227200209829
big,-0.13514736079093598
bigger,-0.04633496178076895
biggest,0.2705375379187248
bill,0.6174626199580091
billed,0.407122338107055
bin,-0.016300160571864106
bird,0.19365878480364115
birla,-0.024011150755036063
birth,-0.05639290837603014
birthday,-0.30070753642883064
bishan,-0.02552333687332828
bit,-0.32074946335254556
bitch,0.22737059189891842
bite,-0.062104126796331274
black,-0.04997993704441984
blackberry,-0.08504982208826213
blah,-0.006214717663233576
blake,-0.033991536430482215
blame,-0.01571882985616655
blank,-0.03894879713132509
blessing,-0.12077825108481043
bloke,0.17869719781164953
bloo,-0.021143726924688102
blood,-0.1210514838644019
bloodsend,-0.049956345849328516
bloody,-0.03437006523812014
blow,0.35694413225363675
blue,-0.16386123448272777
bluetooth,0.22372319205260294
bmw,-0.018410823860183004
boat,-0.0327182448520822
body,-0.0770871814551091
bold,-0.08648030562729535
bonus,0.6755409914283032
boo,-0.027161992462401155
book,-0.11440187261665147
booked,-0.1015031397275567
booking,-0.03783430684997275
boost,-0.12883043058956298
booty,-0.04257143494589035
bored,0.10456995133679953
boring,-0.039800101978690244
born,-0.03713223978982325
bos,-0.08745183002525593
boston,-0.03499989879032866
bother,-0.1296786025559232
bottle,-0.007801156730508473
bottom,-0.10711062205311479
bought,-0.3161685300754833
bout,-0.08955724310860022
bowl,-0.06843771812636357
box,1.6170994605694347
boxnqp,0.0982079005192273
boxqu,0.027805385015097737
boxskch,0.2838096442082272
boy,-0.3371450859946306
boye,-0.019742563963619012
boyfriend,-0.028347905193752444
boytoy,-0.09077224105824167
brah,-0.028578442152220974
brain,-0.06345285750951501
brand,0.3644090332515968
brandy,-0.05870752416934422
bray,0.1028919949153691
bread,-0.04654242173244217
break,0.1309997216589364
breath,-0.12691049837755025
breathe,0.02993943092420534
brief,-0.02834468003694775
bright,-0.05541110038007442
brilliant,-0.13195438425491837
bring,-0.39246751686735126
bringing,-0.04490753001483643
brings,-0.4802076692209937
bristol,-0.021968909315917724
british,0.23546515660590592
britney,0.18933228185326523
bro,0.0
broad,-0.009063339427448032
broke,-0.09669484080277516
broken,-0.006827227869680371
bros,-0.0150380465612388
brothas,-0.04244576375685522
brother,-0.2810242113075723
brought,0.5827519685862249
brownie,-0.047230141277337684
bruce,-0.02191158350428202
bruv,-0.024687010482659182
bslvyl,-0.18667798686081188
bstfrnd,-0.16391280064584704
bt,-0.11535284471121958
btnational,0.3558259581738417
btnationalrate,0.45223041035485106
btooth,0.008161413691823287
btw,-0.04006269445506519
buck,-0.0941737790570451
bud,-0.08205900968944488
buddy,-0.012513927711449229
budget,-0.13739942763448032
buff,-0.028914603493788125
buffet,-0.021993487864381295
bugis,-0.035771882139799725
build,-0.04323917065692364
building,-0.03831833548273585
bulb,0.12837362630189864
bun,-0.016221173128484388
burger,0.4129387714753316
burn,0.004143741894699676
burning,-0.06928821881102636
bus,-0.32790085621781817
business,-0.05217924989326562
busy,-0.04020554694751829
butt,-0.026364482299498813
buy,-0.07029160420895816
buyer,-0.027890025434233003
buying,-0.14057245584406686
buzy,-0.031459891459519246
buzz,-0.07387848407117473
bx,0.35586304949778286
bxipwe,0.40441376030454435
bye,-0.05008351719970809
cabin,-0.01483995888724278
cafe,-0.042864715825002626
cake,-0.06292834207011025
caken,-0.014686171706026244
cal,-0.11620874187226068
calculation,-0.06585413033874032
cali,-0.01631097133347342
calicut,-0.033453897760054564
california,-0.0846266736806204
call,2.8738582546027773
callback,0.13117679537877633
callcoz,-0.05113165289099321
calld,-0.05566045205948622
called,-0.0853998392690256
caller,-0.02312521886255422
callertune,-0.5880971387023809
callfreefone,0.050675603234699045
callin,-0.12491742338099573
calling,0.13969035119898338
calloptout,0.06850809282682711
calloptoutlf,0.017345938753493877
calloptoutndx,0.03322387740899141
calls,0.3862635596588265
callsmessagesmissed,-0.22904506265075628
calm,-0.06696203787970065
cam,0.350808489653447
camcorder,0.314127272859274
came,0.02822699481394711
camera,1.0114452794386857
cameravideo,0.09432703450605157
campus,-0.08556253961250716
can,-0.018709143425925497
canada,-0.018471821432675013
canal,-0.009063339427448032
canary,0.07682434039194451
cancel,0.18887286561609198
cancelled,-0.01975288805062467
cancer,-0.31780293524826403
cannot,-0.03940527251059433
cannt,-0.13729730941841994
cant,-0.7746389213940242
capital,-0.024935429933892667
cappuccino,-0.004669200610363832
captain,-0.07128079554998988
car,-0.29958666808670664
card,-0.010160150898819829
cardiff,-0.042465497912029464
care,-0.3732378323623408
cared,-0.06987108974099156
career,0.07098480544720329
careful,0.1273589763247582
carefully,-0.09508044338251612
careswt,-0.026361515214014117
caring,-0.08210548010960435
carlos,-0.16174213881366062
caroline,-0.0389531176767793
carry,-0.05258333834389832
cartoon,-0.06398093796521702
case,-0.2753399169234374
cash,1.8053669888387995
cashbalance,0.33228450050979114
cashin,0.33228450050979114
cashto,0.06453035109906233
castor,-0.011742943148919325
cat,-0.028497758619052342
catch,-0.13731919745148966
catching,-0.004884188223416513
caught,-0.013321528523287957
cause,-0.17945681474977493
causing,-0.08645360817861582
cbe,-0.07546095974665946
cc,0.22018684121751098
cd,0.35760587616643635
cdgt,0.28971703141515825
celeb,0.2169231445976445
celebrate,-0.06349671256620001
celebration,-0.032105662263410883
cell,-0.09521426147033478
center,0.18100670983777675
centre,-0.057280628065274994
certainly,-0.032983237734586696
cha,0.19170914505707426
chain,-0.08592558968462971
challenge,0.19672890979216912
chance,1.0151825059866386
change,-0.3683679073012808
changed,-0.035639728485615425
channel,0.2500988362250108
character,-0.10457886737659812
charge,0.013101450249406534
charged,0.6163497858745186
charity,0.7510577346970013
charles,-0.03249040377914236
chart,0.24273460407254957
chase,-0.034301024870698506
chasing,0.2018093053585869
chat,2.0077296704181786
chatting,0.26119627972560944
cheap,0.016201505814185908
cheaper,-0.004227557185212364
cheat,-0.01693488935269089
cheating,-0.09403777611939787
chechi,-0.02343757757770834
check,-0.21414071305671936
checked,-0.0660019072956398
checking,-0.21331114078102426
cheer,-0.27793810956389825
cheese,-0.014967813002963275
chennai,-0.3031705904160828
cherish,-0.03933314760168678
chest,-0.04761907972087011
chicken,-0.15592952580960054
chikku,-0.26894423457209204
child,0.09395088733432068
childish,-0.17026407068201987
chill,-0.03935560170034655
chillin,-0.03720300284312643
china,-0.023621509399889887
chinese,-0.053951813452581
chip,-0.008900705220158258
chocolate,-0.061126391379914054
choice,0.0647000668328485
choose,0.6392566273193332
chosen,0.12536549040481934
christ,-0.02670188297571392
christmas,-0.172314656856738
church,-0.06512105839272873
cine,-0.026138432240051687
cinema,0.3282722727760252
citizen,-0.29186704233491206
city,0.10887159951986605
claim,2.9544533167684204
claire,0.2731887898809775
class,-0.4117853777865539
cld,-0.01167038487538463
clean,-0.1527407351903397
cleaning,-0.04031051298415654
clear,-0.08523124037868691
cleared,-0.10756696141471957
clearing,-0.07345336287705109
clearly,-0.017532264776577582
clever,-0.024801690529301007
click,0.27401546628063617
cliff,-0.022984412432049964
clock,-0.09408025002194954
clos,-0.16391280064584704
close,-0.029248879974887402
closed,-0.04031857998391455
closedincluding,-0.26854419078401914
closer,-0.03531330207001387
clothes,-0.03770641203923378
club,0.9494726163766912
cm,0.040942271499715015
cme,-0.006201256110368484
cn,-0.06769962655291616
cnn,-0.05113165289099321
co,-0.4039430614024609
coast,-0.02633806959303506
coat,-0.017604415390857494
cochin,-0.2383015988536656
cock,-0.044031023085304155
code,0.823931948040847
coffee,-0.11066143594021938
coin,-0.09723442306327332
cold,-0.04098723525125398
colleague,-0.015287296915369715
collect,0.9465811493151747
collected,0.17164894107702106
collecting,-0.06649220004852283
collection,0.7151704783300514
college,-0.31414504212642547
color,-0.011998560322912539
colour,0.28314295383624033
combine,-0.011744190078711305
come,-0.6168663542445548
comedy,-0.05938113306023216
comfort,-0.031371143586743255
comin,-0.11796395823981627
coming,-0.4140781271500524
commercial,-0.034855272151557294
common,-0.028495863699076234
community,0.2563253465952355
comp,0.301247287584231
company,0.32298079567513766
compare,0.24641193503962378
competition,0.03273551735165168
complaint,-0.10493097080751901
complete,0.17861356341525766
completed,-0.040824884069325426
completely,-0.24273700764316164
complimentary,0.20686140361273017
compromised,-0.16631782052896596
computer,0.17658025270579242
comuk,0.06280580008284534
concentrate,-0.06066137852476363
concert,-0.06232108731003709
condition,0.2516738347646576
conduct,-0.045183759832773944
confidence,-0.17284994177953023
confirm,-0.09692651786312902
confirmd,-0.05113165289099321
confirmed,-0.03383924653685636
conform,-0.11341807894123013
confused,-0.004966442892468989
confuses,-0.02575323271390866
congrats,0.43141581618637986
congratulation,0.3577416387745303
connect,0.04173864025153815
connection,0.07206783515184909
consider,-0.1029542886019131
considering,-0.07963533857864558
console,0.21512120670596085
constant,-0.010870819239078807
constantly,-0.052139422258312494
contact,1.137687697797852
contacted,0.3104749343264347
content,0.9969318424175289
continue,-0.02346160725830044
contract,0.014175296096126956
control,-0.046908555159838834
convey,-0.09348792112249156
convinced,-0.22148447807923796
cook,-0.14320591321346274
cooked,-0.01781340517471488
cooking,-0.1472614825877556
cooky,-0.05866356366994205
cool,-0.37061361150314875
coping,-0.09789349185904504
copy,-0.3512831188585576
cornwall,0.09659108595514579
correct,0.32981638006200886
cost,1.6832349798291872
costa,0.1973883948332666
costing,0.07370062532524285
costume,-0.03432311908678762
could,-0.30190405828137884
couldnt,-0.04166561407937465
count,-0.15120443829868072
countin,-0.03874425657148932
country,0.3165478226192857
couple,0.12027164015937185
courage,-0.024454662406124338
course,-0.13734135891026056
cousin,-0.018084792354605733
cover,-0.1475261092314205
coz,-0.3325250038314286
cr,0.3237228281662351
crab,-0.14138206616623605
crack,-0.07211069778478287
cramp,-0.04865630281202427
crap,-0.03791416657849556
crash,-0.027848074054601782
crave,-0.014840850451281588
craziest,-0.15438784295345043
crazy,0.12968823687913955
crbt,0.08061125885185969
cream,-0.04906308105338185
created,0.31551122592357916
credit,1.1572872478362952
credited,-0.0435498760826549
creep,-0.03733609739993374
creepy,-0.044456244773172615
cricketer,-0.057480421586670154
crore,-0.24743680377240798
cross,0.08958448058421015
croydon,0.3497499459991723
cruise,0.035805239179051956
cry,-0.13570786368461984
csh,0.0722143900079093
cud,-0.0012750228926179197
cuddle,-0.013949113610456143
cuddling,-0.024552103369312996
cum,0.029641811191649256
cup,-0.02552927206210197
curious,-0.008274960062061226
current,0.1317017317426308
currently,0.45631333933545987
curry,-0.1440630366586829
cust,0.4493842038100963
custcare,0.4279175944185521
custom,-0.06638477931354135
customer,1.0034420821673902
cut,-0.06354882816570863
cute,-0.012710705682546933
cutefrnd,-0.16391280064584704
cutting,-0.005924271370700418
cuz,-0.050528960689926114
cwwx,0.08373690946226454
da,-0.5520308463800973
dad,-0.2279496555078313
daddy,-0.0638338788595433
dahow,-0.017418990894876436
dai,-0.10660477541440765
daily,0.3922902588019836
damn,-0.0985010902775404
dan,-0.005925493177571454
dance,-0.03443056300963774
dancing,-0.026541156067367025
dare,-0.0345238280336514
dark,0.33177139537971256
darlin,-0.24196222732530584
darling,0.27434925917986847
darren,-0.05091523722085231
dat,-0.2089743842539558
date,0.9818428933886725
dateboxessexcmxn,0.096710274178187
dating,1.0853190264135983
datoday,-0.02163945763914971
datz,-0.05566045205948622
dave,0.03875441545621821
day,0.14438505601125304
dayfind,0.14663975806990182
dayu,-0.16391280064584704
de,-0.13759263496894278
dead,-0.09287380827580999
deal,-0.025502162228339526
dear,-0.4098627287146127
dearer,-0.004941985311306113
dearly,-0.03776422171141549
death,-0.0321582796538381
december,0.025549681461840494
decide,-0.07921905575479818
decided,-0.18833798442306432
decision,-0.1365629957663471
deep,-0.09921217382036387
def,-0.1025877079000645
definitely,0.09848837858838942
del,0.2767541987186796
deleted,-0.1661653044446177
deliver,-0.09785773980735628
delivered,0.23292790764822882
deliveredtomorrow,0.027514935930901405
delivery,0.7926033420839768
dem,-0.004808126402683901
den,-0.14184571593695827
depends,-0.047475607778903035
derek,-0.10996576694074806
detail,-0.20469895107393868
dey,-0.12474733825706706
di,-0.013203720190891876
diamond,-0.2611207303761326
dick,0.03206184291084892
dictionary,-0.11091763897053489
didn,-0.13444923400986483
didnt,-0.7313054435710497
didt,-0.07792301787300329
die,-0.04397953327172048
died,0.17861369865379279
diet,-0.01389232864310908
diff,0.0
difference,-0.06410648357906334
different,-0.2012284059825048
difficult,-0.16254835760225184
dificult,-0.02410227685296258
digital,0.5151427384308728
dignity,-0.04218650193562006
din,-0.042846142435827544
dinner,-0.23730123065258413
dint,-0.04583273150377294
direct,0.6589377196090912
directly,-0.1320025316992222
dirty,0.004634525026768611
dis,-0.24195645574384056
discount,0.2560124682966612
discus,-0.13751003635115422
dislike,-0.02757181603661268
display,-0.021756897200036457
distance,-0.045040304913325634
disturb,-0.04215115095466843
dload,0.22717569326253265
dnt,-0.11108313252872419
doc,-0.10401468907812088
doctor,-0.2634768321947588
doesnt,-0.4335209548121549
dog,0.03024316294162034
dogging,0.516329131725959
doggy,-0.05169098803100693
doin,-0.20770736093857017
dollar,-0.14558647152729942
don,-0.09383330648892484
done,-0.22976348926230444
dont,-0.7677828581288134
door,0.030821818364534202
dot,0.22295453438913962
double,0.12392611445433621
download,-0.2913811116269902
downloads,0.25362591830535447
dr,-0.02770104505819344
dracula,0.0
draw,1.1352990324302787
dream,0.17624854442733118
dreamsmuah,-0.026361515214014117
dress,-0.046780134126937586
dressed,-0.007268461153833921
dresser,-0.02103972015832798
drink,-0.12877997727996085
drinking,-0.07378406950861115
drive,-0.27702649979935556
drivin,-0.01967482969184629
driving,0.27289137909099853
drop,-0.1327948756514682
dropped,-0.07606342649915492
drug,-0.17971820384627207
drunk,-0.011339725515976654
drunken,-0.025762730494879045
dry,-0.037602661515252225
dsnt,-0.0447458003242941
dubsack,-0.05503552589254297
dude,-0.22192948680872354
due,0.17369232348517485
dun,-0.17588759954078492
dunno,-0.11064646537633994
dvd,0.5397401574312034
ear,-0.10859353984552954
earlier,-0.2228085117074797
early,-0.24443788236682498
earth,-0.05672385917188874
easier,-0.06075249881223439
easy,0.5154451658500262
eat,-0.22020344756406915
eaten,-0.018459212133088935
eatin,-0.04539263278422346
eating,-0.0767013700627509
eca,0.2545389222797489
eerie,0.1309083667566167
effect,-0.04450419829723197
eg,1.1846826059041002
egg,0.10366215390949919
eh,-0.06277529194029781
eight,-0.034180250796133516
either,0.07337355264006512
else,-0.22613364584887666
elsewhere,-0.021313827065332122
em,-0.0788600441878377
email,-0.7146212505294074
embarassed,-0.2730814185743469
empty,-0.13291157330974246
end,0.536754241924798
ended,-0.08118231288204908
ending,0.24261277752239788
enemy,-0.2298792583282223
energy,0.3719280825153174
eng,0.08827002838833407
england,0.38233134881209335
english,-0.01973875924465799
enjoy,0.949824628085636
enjoyed,0.05979783580982559
enough,0.0009799893411019953
enter,0.4741332980312634
entered,0.4011056680164977
entitled,0.1694084800672682
entry,0.7677885841591057
enuff,-0.00808699871506531
envelope,0.05803691717289557
er,-0.011072889987135324
erm,-0.0688974976528785
error,1.689985131860051
escape,-0.034160650704018476
ese,-0.05508963870313346
especially,-0.13880731351548697
esplanade,-0.050067140923290655
essential,-0.1011687998831288
etc,0.3926111235066815
euro,0.8634671321417896
eve,0.5066349470568008
even,-0.26150820765556493
evening,-0.4172467914396909
event,-0.08602047313962262
ever,-0.3177771001625069
every,0.026155423253574485
everybody,-0.05073373409367142
everyone,-0.10519710841226972
everything,-0.6019131936277496
evn,-0.02103495213019789
evng,-0.15705271646844127
ex,-0.18431838817547652
exact,-0.04340287482063948
exactly,-0.06863867132223656
exam,-0.18444387282507108
excellent,-0.2667173581922676
except,-0.1286911953069234
exciting,0.5627117377306391
excuse,-0.12058290765930045
exe,-0.010497977667292723
executive,-0.3046185353727531
exhausted,-0.03223422246346468
expect,-0.08366734627112063
expecting,-0.09458656210112362
expensive,-0.4174526325213626
experience,-0.0650815976412371
expires,0.582773222432208
explain,-0.0642077155697999
explicit,0.5409844704204934
explosive,0.28971703141515825
express,-0.022598035845986564
expression,-0.16276382235793377
extra,0.13550766941087047
ey,-0.04511106617404521
eye,-0.05866859546086449
fa,0.07368954384196098
fab,-0.01705508583988591
face,-0.26646727578215135
facebook,-0.18290519976873895
fact,-0.2092328944245622
faggy,-0.08736120596497085
failed,-0.01838272898453237
fails,-0.010464843181117948
fair,-0.03601999965231273
fall,-0.03596879984659973
falling,0.0
family,-0.4143165425401452
fan,0.03382699878469719
fancy,1.0782722934236575
fantastic,0.3686135815105574
fantasy,0.717417718639925
far,-0.27923871293602226
farm,-0.017450130172299985
fast,-0.01584667717231185
faster,0.2557176623982701
fastest,0.03634424756968201
fat,-0.2087345499113404
father,-0.10313175314973559
fathima,-0.14039091589001085
fault,-0.03747359495775998
fave,-0.04422140155655088
favor,-0.017350257495729136
favorite,-0.01682153255562194
favour,-0.08307503994596845
favourite,-0.03608937556026694
fb,-0.10756959209587941
fear,-0.047937330338747586
feb,0.10997854680427027
february,-0.07323000366708504
fee,-0.04312006853135407
feel,-0.6965751031899775
feelin,-0.03177345373046987
feeling,-0.11729424230920833
fell,-0.032411110172927
felt,-0.23104501946188463
female,0.05085271316334375
fetch,-0.02194564986730923
fever,-0.060004821196115346
field,-0.10257515228330735
fifteen,-0.06439307983257136
fight,-0.48590064128525545
fighting,-0.08169938696080467
fightng,-0.02410227685296258
figure,-0.15643423765540046
fil,0.0
file,-0.13984222814660793
fill,-0.09879674750823894
filled,-0.01141654942539827
filling,-0.031026143346985714
film,0.23783744299955367
filthy,0.5297672555725301
final,0.508950837035232
finally,-0.18013305757315368
finance,-0.05341532435092804
find,1.0248081935765179
fine,-0.4008900320426615
fineabsolutly,-0.024058990960315635
finewhen,-0.04042959955565838
finger,-0.07812394110824604
finish,-0.33699579530748097
finished,-0.20774629370183006
finishing,-0.010831402036412752
fire,-0.0065747033461321025
first,-0.32564909814022297
fish,-0.04014602298666959
fit,0.053463828957459616
five,-0.0728764260263678
fix,-0.059627942743539164
fixed,0.09041130881946503
fixedline,0.08061125885185969
flag,0.25645160672159883
flaked,-0.08270145867037688
flaky,-0.0889862292158091
flame,0.0
flash,-0.05032958559728283
flat,-0.17957292978439365
flight,0.3299176624711198
flip,-0.012725240084442641
flirt,0.10456387468740194
flirting,0.1842564456704567
floor,-0.12345548909205928
flower,0.07505847800955007
flowing,0.0
fly,-0.039483694676649604
fml,0.17798865190705146
fo,-0.08468643316140856
foley,0.21003125338194883
follow,0.1352545344002534
followed,0.5602824100789815
following,0.32237379518377596
fone,0.23249999912989955
food,-0.2752640055771538
fool,-0.1930555979266307
foot,-0.038007662084392345
football,0.2399065687595454
footprint,-0.14138206616623605
force,-0.01677217210549299
foreign,-0.04759524004509303
forever,-0.27466127490985803
forevr,-0.02197657889676497
forget,0.36365451110709396
forgets,-0.061950635035078555
forgiven,-0.013809960774940393
forgot,-0.21201627322803063
forgotten,-0.04223068407723461
format,0.1698081531983316
formclark,-0.029839629519822247
forum,-0.06892348187414978
forward,-0.33392753767911065
forwarded,-0.0373276849219214
found,0.06018129411339354
four,0.009694350404950617
fr,-0.0520582901254318
fran,-0.016343698526874412
fraud,-0.06569341534201305
freak,-0.04322449022711466
free,3.0454075329484884
freeday,0.2244981017255916
freedom,-0.02726003147690713
freefone,0.20943284600493808
freemsg,0.5585489761926669
freephone,1.0506341627683073
freesend,0.08203815471932983
freezing,-0.020926110719966574
fren,-0.017539310879822342
frens,-0.025827451621678373
fret,-0.03996182551299901
fri,0.23264689641318634
friday,-0.2611783325019423
friend,-0.6525760748483628
friendship,-0.35773453694608903
fringe,-0.012163739692828392
frm,-0.17776919061322474
frnd,0.11888622292885426
frnds,-0.26136343919995647
frndship,-0.07098512869027836
fromm,0.3542527198031908
front,-0.026548677078427233
frying,-0.022020006735837552
fuck,-0.2631356681512575
fucked,-0.04940880501377402
fuckin,-0.05199552739946257
fucking,-0.2540725284131258
fujitsu,-0.022281908338026082
ful,-0.17050968209880238
full,-0.35612370472385674
fullonsmscom,-0.4239170957068211
fun,0.2720163441320885
function,-0.07694699843346457
funeral,-0.032517916450585924
funk,0.06883689578126284
funky,0.06373807690130545
funny,-0.16563508614485825
furniture,-0.014100973704986386
future,0.2512455776660807
fyi,-0.06341476170792346
gain,0.0
gal,-0.1926545256957144
galileo,-0.023998691629855597
game,1.0770065651813507
gamestar,0.3182118469180099
ganesh,-0.11076678705389144
gang,-0.03353216171037198
gap,-0.0930573350058694
garage,-0.05175400833374705
garbage,-0.0912701372912855
garden,0.12837362630189864
gardener,-0.13562801268834626
gary,-0.023493934156207173
gas,-0.17510100193685424
gastroenteritis,-0.21542735447927458
gautham,-0.05145582770511901
gave,-0.09910072261395138
gay,0.2905033429401036
gaytextbuddycom,0.10656566822602676
gb,0.2709932344380602
gbp,0.2613247734872513
gbpmtmsg,0.11064285477068078
gbpweek,0.20296935132225497
gd,-0.09832856472506882
ge,-0.04321333630926301
gee,-0.023383322182883883
geeee,-0.014555550508995298
geeeee,-0.014573587049016156
gender,0.5135637346690577
generally,-0.09201379300979985
genius,-0.04090009423798388
gent,0.04702802856840983
gentle,-0.073572115944324
gentleman,-0.04218650193562006
gently,-0.1001177246512655
genuine,0.20640764998701663
george,0.2244981017255916
germany,0.2532286806751444
get,-0.14458555132903433
getstop,0.06453035109906233
gettin,0.017258255074193776
getting,-0.49826786595535283
geva,-0.021738729038884776
gf,-0.02869480131839618
gga,0.388831006739426
ghost,0.0
gibbs,-0.07805540754522293
gift,0.7413316875109652
gifted,-0.24614950302687075
gimme,-0.04974002188427932
gin,-0.05870752416934422
girl,0.5643316451401348
girld,-0.06126603256551416
girlfrnd,-0.00042678783853370003
gist,-0.032862784189857254
giv,0.2356722762093571
give,-0.5621954749482819
given,-0.11266881314923628
giving,-0.04150456011322649
glad,0.2371924108650602
gmgngegn,-0.07211069778478287
gmgngegnt,-0.10645026811618273
gn,-0.025295652978392636
go,-0.13512225995418167
goal,0.4651968355203399
god,-0.5219657489024894
godi,-0.049956345849328516
goin,-0.13508917755726974
going,-0.8643989544174179
gold,0.0018474494225482613
gona,-0.06419162399863787
gone,-0.18565012545608556
gonna,-0.4340958208000056
good,-0.9924694963025781
goodenvironment,-0.06941675415151947
goodfriend,-0.02274400112487128
goodmorning,-0.4137648853799289
goodnight,-0.09591282899489331
goodnite,-0.0416460247848544
goodnoon,0.0
goodo,-0.047648833162804174
google,-0.15919921938231507
gorgeous,-0.10908775465085079
gossip,0.03701743434087595
got,-0.8759228434989195
goto,0.3186108971652318
gotta,-0.09293702165856499
gotten,-0.09495266286620076
govtinstituitions,-0.26854419078401914
gpu,0.0
gr,0.15205345958573546
grace,-0.16181636980484304
grahmbell,-0.00021339391926685001
gram,-0.0434232073273538
grand,-0.054209103803247234
grandma,-0.004989243998355755
granite,0.28971703141515825
grave,-0.0010735523493676394
gravity,-0.09508044338251612
great,-0.3288710495536769
greatbhaji,-0.057480421586670154
greatest,-0.024454662406124338
green,-0.06429502478595614
greet,-0.036349034718503294
greeting,-0.0745129834103648
grin,-0.08997302898998313
grl,-0.1448197174742953
ground,-0.022839332318794994
group,-0.06716047052739894
growing,0.03634424756968201
gt,-0.11607391327854935
gthr,-0.06126603256551416
guaranteed,0.9404069884536151
gud,-0.6328984114715552
gudk,-0.0051971147467168195
gudnitetcpractice,-0.04022393907609813
guess,0.3327063763217875
guessing,-0.058546735145785775
guide,-0.14510071603463268
guilty,-0.048376672595863396
guy,-0.32269430731170456
gv,-0.06126603256551416
gving,-0.048427435540166264
gym,-0.11936658179724637
ha,-0.12450000029010942
habit,-0.04210392374056139
haf,-0.08337641986218858
haha,-0.2957504214579909
hahahause,-0.037396191830097604
hai,-0.09121507705495725
hair,-0.12380805382681476
haiz,-0.011650348960502639
half,0.24879389311132422
halfth,-0.012656039890791861
hallaq,-0.005856173946775272
halloween,0.13768479688361157
ham,-0.41006486948875787
hamster,-0.03471320355836814
hand,-0.303088201589181
handed,-0.037604899349202914
handle,-0.24352579566954324
handset,0.2999766279466934
hang,-0.02916561204534078
hanging,-0.07517106575044741
happen,-0.38679294049737084
happend,-0.05578713281523817
happened,-0.2417537011023011
happening,-0.21277934939896706
happens,-0.1324674174878149
happily,-0.06126603256551416
happiness,-0.2927688630760906
happy,-1.6767794561996319
hard,0.13367062235440846
hardcore,0.08202804635273006
hardly,-0.013254521145319378
harry,0.49341373122273147
hasnt,-0.18836966425266866
hate,-0.0645830938181245
hav,-0.26368017090523826
haven,-0.06454631304372795
havent,-0.26489417928921216
havin,0.053869647936493556
havnt,-0.14465133275553424
he,-0.3014829779855906
head,-0.23712175260629362
headache,-0.023904387474661445
headin,-0.0572535583112668
heading,-0.061144202104452476
hear,0.0735567303477734
heard,0.29164972079649465
heart,-0.25383135688233793
heartgn,-0.024454662406124338
heartheart,0.0
heater,-0.014468890473389734
heavy,-0.11271546613857743
hee,-0.06499665264877764
height,-0.10411304463542981
held,0.12553055375528488
helen,0.16016059740949368
hell,-0.19531717512103
hella,-0.01121777353369408
hello,0.18357408709579898
helloooo,-0.0593440154060458
help,1.0304154723914618
helpline,0.13620274775987182
helpp,0.2352433812051355
hence,-0.07451369682947688
henry,0.40087224843934355
heri,-0.2658917880225117
herlove,-0.2658917880225117
hex,-0.023313906741678124
hey,-0.6578154274360783
hgsuitelands,0.35433673492179846
hgsuitelandsrowwjhl,0.4001109353621968
hi,-0.058746957335929426
hide,0.1042739233293343
high,0.10969717658008597
hill,-0.028180292445224086
hint,-0.07108937883582336
hip,-0.025326321592851732
history,-0.04338508897066827
hit,-0.018718259557359982
hiya,-0.1050016611095989
hl,0.4246845678773454
hm,-0.021128254609674036
hmm,-0.09100520803108657
hmmm,-0.02231749414569576
hmv,0.8487465923805073
ho,-0.11895155978140223
hold,-0.15912319152821938
holder,0.33453776474750585
holding,-0.08309883041362098
holiday,0.5360805621255439
holidayso,-0.05061497428057598
holla,-0.058738911103016746
hols,0.07658053167329884
home,-0.7266605496508944
homeowner,0.1558314990826418
hon,-0.022715905354280152
honey,-0.10863378604127355
honeybee,-0.07211069778478287
hook,-0.1253561437332536
hop,-0.029690655523708174
hope,-0.6279031360722624
hopefully,-0.027910241803562698
hoping,-0.08708180649247046
horny,0.38471446476804316
horrible,-0.03488673648048823
hospital,-0.14830767663392871
hostel,-0.07482543147115926
hot,0.9339792651018181
hotel,0.39448497956017786
hour,-0.1484383639325768
house,-0.3484774221390167
housemaid,-0.3770136461545959
however,-0.013541528586554906
hows,-0.34201765373684107
howz,-0.09043922549203338
hr,0.31118648190725134
hubby,0.1592612611137955
hug,-0.04365632622610951
huh,-0.11685805008306653
hun,-0.03883814092413198
hungry,-0.09198756290433442
hunny,-0.20252213648812892
hurry,-0.06556508090296626
hurt,-0.5334204058009493
husband,-0.09589956628415951
hv,-0.07378992181191621
hw,-0.12659760464985254
iam,-0.09910547401411907
ibhltd,0.09191853357903608
ibiza,0.1236751707139393
ic,-0.029830614786406782
ice,0.07231438365887792
id,-0.7058368808687147
idea,-0.17734910159204806
identifier,0.5714320143545631
idiot,0.20526610444737423
idk,-0.055823477465873794
ignore,0.20852027840724804
ikea,-0.04090042125956113
il,-0.11508596935122596
ill,-1.4471519981418848
im,-1.5835907443621575
imagine,-0.17252805754339823
imma,-0.07581274058925466
immediately,0.5021945988168868
important,0.5998398582821082
impossible,-0.0243364699640309
inc,0.45911088787731086
inch,-0.04604976119348675
incident,-0.059342791090995495
include,0.06338760582930143
including,-0.007745745254527634
inclusive,0.06328993346203915
india,-0.24249145719922482
indian,-0.37161325495534764
infernal,-0.012552515329948895
info,0.7296219918278809
inform,-0.2875053366110554
information,0.5866783068509014
informed,0.23264287210111304
infowwwpercentrealcom,0.20640764998701663
inning,-0.0622555481414803
inside,-0.07557013571209603
instantly,-0.02863529023501071
instead,-0.12236148797319016
instruction,0.11759138289234537
insurance,-0.3367739399581118
intelligent,-0.11181143270192356
interested,-0.13756222546074376
interesting,-0.11400374037921074
internet,-0.10944548271685726
interview,-0.06862156268062937
intro,-0.05706073756090577
invite,-0.03214968258681203
invited,0.1237570907874999
inviting,0.32173986680198174
invnted,-0.00021339391926685001
iouri,-0.023411037037738187
ip,0.12666290562130095
ipod,0.4407860718762934
iq,-0.04046445416607092
irritating,-0.1434265501510898
iscoming,0.009609992755900758
ish,-0.10615213930174142
island,-0.0007237946974157707
isn,-0.009323614292965467
isnt,-0.27024206233400494
issue,0.14619886079650263
it,-0.05467596028736481
italian,-0.05660180509139788
itplspls,-0.049956345849328516
ive,-0.43472504610812085
iz,-0.09671126149718116
izzit,-0.08297506489224757
ja,-0.1388022046835658
jada,-0.03809053529221418
james,-0.03367051701952988
jan,-0.041380793470139295
jane,-0.019645928452076657
january,-0.2913699150810519
jason,-0.07687888743957227
java,0.22717569326253265
jay,-0.12469877223960822
jazz,-0.046368662459116604
jealous,-0.049986855664588804
jen,-0.2344813588294752
jess,-0.029001410590241167
jesus,-0.07236833435024112
jiu,-0.012119017878513657
job,-0.52951080284528
john,-0.3977196989077898
join,0.7861126626516796
joined,0.15809593180921197
joke,-0.11491775289288625
joking,-0.04691394871484883
jordan,0.0
journey,-0.057174574383575
joy,-0.12465663009963965
jst,0.09067513604364313
jstfrnd,-0.16391280064584704
juicy,-0.040613825773470134
july,0.2945165899367496
june,0.08048090945010625
jus,-0.2127686406020188
juz,-0.08458489199696874
kadeem,-0.0701236755280585
kallis,-0.11442733261925875
kano,-0.07936168034672227
karaoke,0.0
kate,-0.14223150382951003
kb,-0.040758224747244075
keep,-0.5782549732456083
keeping,-0.08112142412269731
kept,0.3504922179582207
kerala,-0.07634035542479432
kettoda,-0.047114097234607105
key,0.006967580124429318
ki,-0.17921851885012724
kick,0.2020118398818834
kid,-0.07594148619177256
kidz,-0.007613428907072928
kill,-0.010388104206233418
kind,-0.1945336879076067
kinda,0.11909779339466255
king,0.36706111809792924
kiss,-0.25233538928591237
kkhow,-0.07850848575623559
kkim,-0.053610377114161833
kkwhen,-0.025709600283976456
kkwhere,-0.0384314710914121
kkwhy,-0.02144102496531148
knackered,-0.02520576921330898
knew,-0.2064514432199598
know,-0.31562892208740145
knowing,-0.09937021438317474
knw,-0.06939910835824074
kusruthi,-0.03809053529221418
la,-0.002486220726004955
lab,-0.039691244543478055
lacsthats,-0.018410823860183004
lacsthere,-0.018410823860183004
lady,-0.19222330884122055
laid,0.16323073733800778
land,0.3707685514826164
landline,1.2224871343833996
laptop,-0.125295021738511
lar,-0.1272997570440994
largest,0.2545389222797489
last,0.08580672783696797
late,-0.25953868112874906
later,-1.041057100858788
latest,0.8639224881895018
latr,-0.014686171706026244
laugh,-0.18913432326624158
laughed,-0.07211069778478287
laughing,-0.1100560332331695
law,-0.05956414028630968
lay,-0.034979007151184446
lazy,-0.023870214239137322
ldn,0.47328127005961085
ldnwh,0.09191853357903608
le,0.4473648030844729
lead,-0.06976780656871531
leaf,-0.13875819576756018
learn,0.22577079619156018
least,-0.15765405641770355
leave,-0.3388520794487319
leaving,-0.32870945611806035
lect,-0.023658424665625337
lecture,-0.07929416938783175
left,-0.0737818181059137
leg,-0.012030450782117896
legal,-0.03987593117942099
leh,-0.11407863339980612
lei,-0.1045765170117298
lemme,-0.11422173189242978
leona,-0.01829291337978961
less,-0.5503661283394189
lesson,-0.15760119867485617
let,-0.38276756348713
letter,-0.1567832433177764
liao,-0.13283129009226216
library,-0.07492567278292799
lick,-0.038686138566269485
lido,-0.036199584958986154
lie,-0.13403064607386292
life,-0.5464367335358188
lifetime,0.1705242802413005
lifpartnr,-0.16391280064584704
lift,-0.026207330465826045
light,-0.27773715487973266
lik,-0.03730207295241608
like,-0.6650489394207088
liked,-0.2270323150456891
likely,-0.04804100838408556
line,1.0172386853669284
linerental,0.059653097179481876
link,0.5795355058474211
lion,0.2326212290879734
lip,-0.03548845925110757
list,-0.2596289078122967
listen,-0.14053577008539622
listening,0.07441341095777924
little,0.16692016670628052
live,0.9009911591389728
liverpool,0.39340396133004063
living,0.10308933960543586
ll,-0.05110239093163363
lmao,-0.0546474052669493
load,0.08461445725145791
loan,0.15771015063463578
local,0.18242053161284255
location,0.2003818228237365
lock,-0.03932974313522343
log,0.2568409300632208
login,0.06093230105469931
logo,0.46659331013182764
logopic,0.13768479688361157
lol,-0.4372380173765641
london,0.22467704931569665
lonely,-0.020563615435363905
long,-0.2741471200317127
longer,-0.07587081116579453
look,0.07378451066338705
looked,-0.11676510612936229
lookin,-0.10398690673332288
looking,0.1506169224465704
lor,-0.4672887889104109
lose,-0.09292754234155513
loses,-0.05788970555365838
losing,-0.07569001171368864
loss,-0.24476796381603344
lost,1.0158251239995184
lot,-0.3283085373203852
lotr,0.22724538317926082
loud,-0.02368843469907481
lounge,-0.009376405497895255
lousy,-0.058779227837457676
lovable,-0.22869717669109738
love,-0.3339434760078778
loved,-0.12302975462144566
lovely,-0.24807400234122795
lover,0.026878842382570732
loverboy,-0.018639294942968808
loving,-0.21811095992666074
loyalty,0.1057682921754615
lr,-0.04969362201982673
lt,-0.09452146036859829
ltd,1.3759254513743724
ltdecimalgt,-0.7262267049178909
ltgt,-3.3990125804668665
lttimegt,-0.17762276810054373
lturlgt,-0.11168743826241488
luck,0.8018927673626755
lucky,0.44822921882390765
lunch,-0.21790679738232654
luv,0.20799416690660816
luxury,0.04391952674520416
lvblefrnd,-0.16391280064584704
ma,-0.03522916604470897
mac,-0.02036523341895471
machan,-0.19686680817806496
macho,-0.10603770192484335
mad,0.1331990046324346
made,-0.11704100950871066
maga,-0.048051301072135504
magical,-0.03700245399467346
mah,-0.05928565591333166
mail,-0.6649117217116324
maintain,-0.07392426790125971
major,-0.11071170842807045
make,-0.27866655313826233
making,-0.38748698061014847
malaria,-0.6318140384609818
male,0.05853541463110343
mall,-0.0236590479721946
man,-0.5612204594142962
management,-0.07573182496094621
manda,-0.047114097234607105
maneesha,-0.13877113718850825
many,-0.30830710721343596
map,-0.04753663498896782
march,-0.18236207381550232
margaret,-0.00021339391926685001
mark,-0.106360456479239
market,-0.03201912453655241
marriage,-0.17332078546187052
married,-0.09534486401216588
marry,-0.10383497996250285
master,-0.03231182185931403
match,0.3739484806829177
mate,0.20773988878566188
math,-0.02580186468869645
matrix,0.40441376030454435
matter,-0.09054643408951518
matured,-0.03809053529221418
max,0.19202388402075402
maximize,0.33228450050979114
maxmins,0.17878951660292663
may,-0.41698596201539917
mayb,-0.05538909115708162
maybe,-0.2004801983172635
meal,-0.06737327772572184
mean,-0.6898490968145516
meaning,-0.12631452367262228
meant,-0.23293835563019194
meanwhile,-0.028175500905871887
measure,-0.05137702041825372
med,-0.0902010424987846
medical,-0.358183132291266
medicine,-0.20909780906794762
meet,0.00961138990418495
meetin,-0.027429637485734563
meeting,-0.4835847946962218
mega,0.1879352842857918
meh,-0.03772377674025233
mei,-0.14696586028065514
melle,-0.2944184887137405
member,0.5729171402857061
membership,-0.0016071929997329697
men,-0.004846844889697399
menu,0.07793454454821286
merry,-0.0935550198879744
message,1.5089818749474695
messageits,-0.16156014246090664
messageno,-0.05171028475593414
messenger,-0.030042456057190914
met,-0.08487318785112144
mi,-0.13427891432384106
mid,0.12893794512659607
middle,-0.013076767344780207
midnight,0.10123061868358509
might,-0.6649285655408546
mile,-0.037667928814435196
milk,-0.01206792904915326
million,0.08236984270021985
min,1.1694425813278824
mind,-0.09437272158568873
mine,-0.18445107484983214
mini,-0.03184361071938184
minmobsmorelkpoboxhpfl,0.31802439551030226
minnaminunginte,-0.14720924435687024
minute,-0.09648653536856171
minuts,-0.014686171706026244
miracle,-0.054916619595528425
miss,-0.13464823138013882
missed,-0.06428816624724025
missin,-0.020554738857330144
missing,-0.8167302502073899
mistake,-0.11952740127468804
mite,-0.04529795334566798
mix,0.182943880762399
mk,0.19085129135669818
mm,-0.1296654825682794
mmm,-0.017409284726178385
mmmm,-0.018425047914376595
mo,-0.08307958361445948
moan,0.01873248385039691
mob,1.280775087796455
mobile,2.6497578078987902
mobilesdirect,0.07046319689346792
mobileupd,0.3316644186458206
moby,0.4505300270879224
mode,-0.14162145936346632
model,-0.05353227361303493
module,-0.0820929539511111
moji,-0.01910391022629676
mom,-0.1630465558428257
moment,-0.2805839194471421
mon,-0.05587812307529009
monday,-0.23994934145853644
money,-0.20425000864703072
monkey,-0.032983237734586696
mono,0.32148643179619546
month,-0.17659260202289523
monthly,0.2058729416928747
mood,-0.05464822250669643
moon,0.06644419853851175
moral,-0.12484685002486548
moralone,-0.00021339391926685001
morn,-0.03087034365825385
morning,-0.8012317870726303
moro,-0.02527858405661178
morow,-0.0028599965645031886
morphine,-0.050777496124378915
morrow,-0.022286696427611385
mother,-0.10079882735708083
motorola,0.13225388680596276
move,-0.14583727899649165
moved,-0.036840559204600644
movie,-0.09903979635015474
mp,0.22158248568844696
mr,0.0803270780463306
mrng,-0.1656093956512292
mrt,-0.02723635990471996
mrw,-0.05336016561145711
msg,0.9743250698405482
msging,-0.047111543276261034
msgsd,-0.06126603256551416
msgsp,0.04655469228764907
msn,-0.008804878044582826
mt,-0.004793692731801904
mtalk,0.20969353866956977
mths,0.4209075657918291
mu,-0.13389031688519604
much,-0.748457152237449
muchi,-0.10010425151995082
mum,-0.13658819805975012
mummy,-0.06574318921864325
mumtaz,-0.16357802995369258
mumtazs,-0.16357802995369258
munsters,0.0
murder,-0.15921067046109438
murdered,-0.3770136461545959
murderer,-0.3770136461545959
music,0.45185746069512406
must,-0.005262597927016676
musthu,-0.11833531161445926
muz,0.0966386337551666
mxy,0.1296142470972805
mystery,0.03523906696797044
na,-0.37216903771133264
nag,-0.07451369682947688
nagar,-0.01354699456003129
nah,-0.12881219323792265
nahi,-0.012753807067187609
naked,-0.04511805151440061
name,0.71699311972815
named,-0.12691049837755025
nan,-0.053093552305161974
nanny,-0.029958093807498146
nap,-0.01570001916501776
nasdaq,0.28971703141515825
nasty,0.29341680866056014
nat,0.060549117728215585
natalja,0.16749409153120423
national,0.49239097994785175
natuition,-0.045244043087117165
natural,-0.14141781262621983
nature,-0.09556069252426204
naughty,-0.18872097625807394
nb,-0.0029637040905015764
nd,0.5095930694172496
ne,-0.024604130971687666
near,-0.16750160921514118
nearly,0.332950524726205
necessarily,-0.06594785623471482
necessary,0.0
neck,-0.008165385547342358
necklace,-0.04555776520992305
ned,-0.03559064009280447
need,-0.6158889627094257
needed,-0.0784665548712788
neft,-0.08397073859064516
neighbor,-0.038649270381640385
neighbour,-0.13562801268834626
neither,-0.024825722917624957
net,-0.02617534447761899
netcollex,0.5200254516960026
network,0.8081228052427245
networking,-0.07611809687598022
neva,-0.075441729281949
never,-0.6020623982238698
new,2.0725161733512567
newest,0.2999699892191819
news,0.31673597300072376
next,1.0309798910321477
ni,-0.17795476456776246
nic,-0.09980106629028701
nice,-0.44532845925914055
nicenicehow,-0.021032372375580942
nichols,-0.014872558356510487
nigeria,-0.3279465837959569
night,-0.026202886308030075
nimya,-0.02865918604734391
nimyapls,-0.017350257495729136
niswt,-0.00848776342763102
nit,-0.017117012181992228
nite,0.10389602452199205
nitros,-0.031038149062891922
no,-0.04466360059268411
nobody,-0.3252284102045603
noe,-0.08639134110893254
noi,-0.02279831428068295
nok,0.10396417247805625
nokia,1.4702558519741349
nokias,0.2503525782323445
noline,0.22717569326253265
none,-0.037835522491764584
noon,-0.09293127359091104
nope,-0.10208052975085338
norm,0.08371731988439618
normal,-0.034071847432345564
normally,-0.053870903411536525
normptone,0.1218164197096237
northampton,-0.042795674032553736
note,-0.058422146344655486
nothin,-0.015969644686876113
nothing,-0.16103794875985078
notice,0.23129222060043475
notxtcouk,0.12837362630189864
noun,-0.027175865270605268
nowi,-0.08934143964879566
nowsky,0.3182118469180099
nowt,0.06331367328567836
nt,-0.09697271113160258
ntt,0.43007885250283673
ntwk,0.4410705325729207
num,-0.08092745634074028
number,0.3713729039157919
nurungu,-0.14720924435687024
nuther,-0.01938641139410526
nvm,-0.01513840205385251
nw,-0.047232799834965304
nxt,-0.040731611866006504
nyc,-0.04231712240158993
nydc,-0.036189216264591054
nyt,-0.03871341287226117
obviously,-0.075122836997278
occupy,-0.03325692047862873
ocoukgames,0.21512120670596085
odi,-0.04853251467646223
of,0.050675603234699045
offer,0.8939916062930245
offerthe,0.0
office,-0.2951293576691961
officeunderstand,-0.2261951357936817
official,0.0056849219034819575
officially,-0.0411551857445566
often,-0.06334692487374355
ofwd,0.3989967108204068
oh,-0.4176736023370869
oi,-0.0053066387215727545
oic,-0.004002421096668948
oil,-0.020009745984452793
ok,-0.8082178119629813
okay,-0.19386573419473266
okey,-0.02285932671298561
okie,-0.16172582193749518
okok,-0.06637393810433234
oktake,-0.01570870216171958
okthenwhats,-0.06637393810433234
ola,-0.015902077133058048
old,-0.04265055073626087
omg,-0.10485318856664201
omw,-0.0517033101271961
one,-0.7714140231087473
oni,-0.014440308119087702
online,-0.21211761654646
onto,0.4753781851968411
onwards,-0.030220158411004738
oooh,-0.024696752263788806
oops,-0.04561143599576623
open,0.019586817944921196
opening,-0.05043246036659835
operator,0.8899398848842239
opinion,-0.126905572899731
opportunity,-0.4581065360175415
opt,0.7704468061681102
option,-0.06839579167608499
optout,0.3131884172571502
orange,0.6682044170595505
orchard,-0.08777674159648971
order,1.0298666033527686
ordered,0.5649676816915851
oredi,-0.0659287976755548
oreo,-0.02127331115889406
orig,0.21512120670596085
original,0.18318470374939805
orstoptxt,0.07046319689346792
oru,-0.16959964534852842
oso,-0.0882431796073909
others,-0.0622418443004771
otherwise,-0.21193664071050367
otside,-0.027959144807467053
outage,-0.050470896020179956
outside,-0.1590753076042908
outstanding,-0.07161978238490113
outta,-0.03803007877364156
over,0.03684477192098049
ovulation,-0.0743687009213381
owns,-0.056905657496454466
oz,0.352432049011669
pa,-0.22671857457692224
pack,0.3924842530469217
package,0.07261234739398872
page,0.1450309617062557
paid,0.10340880141791217
pain,-0.19182602236462143
painful,-0.05553270742180322
painting,-0.010303246453327168
pale,-0.04310030414669146
pan,-0.020216150194975552
panic,-0.020043541288621475
pap,-0.023957730489710078
paper,-0.11122746100211733
paperwork,-0.23276128220839276
paragon,-0.009405151735823788
parco,-0.0029637040905015764
parent,-0.1584625801313559
paris,0.19344025722831648
park,-0.09955769515152102
parked,-0.0727077941573998
parking,-0.013968784090217078
part,0.48634350778827706
partner,0.5134922276892674
partnership,-0.01949636207419061
party,0.07192113133366117
pas,0.504821180084429
passed,-0.06847810459464554
passionate,-0.04635522644773634
password,0.09364536718114398
passwordsatmsms,-0.25202534596813025
past,-0.09164860478636473
path,-0.03985869457792565
pattern,-0.08412173615264262
patty,-0.024454318639410694
pay,-0.3687670811210155
payee,-0.06569341534201305
paying,0.08131406351545123
payment,-0.04569454455739719
payoh,-0.019159567244568746
pc,0.5995460538622384
pday,0.0722143900079093
peace,-0.021272929626384066
peaceful,-0.06695949471804773
peak,0.02423522398828626
pending,-0.03154833313993043
penis,-0.04237006579459232
penny,0.31118031877918123
people,-0.7696657942278663
per,1.579699632535568
perfect,0.11867667039587783
perhaps,-0.04301922656181475
period,-0.13793093253789843
permission,-0.014418211715762174
person,-0.4615802489816364
personal,0.08522646465385535
personality,-0.08053434322612556
perwksub,0.12172497848377581
pete,0.027087716091736585
petrol,-0.013589305219069885
pg,0.1869306667273605
ph,-0.01319911420869246
philosophy,-0.0933090013204924
phne,-0.00021339391926685001
phoenix,0.24670686561136573
phone,0.39601040702004575
phoned,-0.05882434139754446
photo,0.07628010261880064
php,0.062352984612340505
pic,1.2290741442882673
pick,-0.3446274542207593
picked,0.10749415903879198
picking,-0.2043813275861058
pickle,-0.02353617688045806
picsfree,0.31275336777199103
picture,0.19090411427776
pie,-0.03375334501152085
piece,-0.08237325106089245
pig,-0.007135078186334931
pilate,-0.048549492429640725
pin,0.27357601155502087
pink,0.0
piss,-0.052882687060708665
pissed,-0.055981866028061024
pix,0.23787610445680524
pizza,-0.08655849775901604
place,-0.4182644395167604
placement,-0.024566432550426707
plan,-0.4422814976966033
plane,-0.12018076213952948
planned,-0.12664615889898476
planning,-0.12498629400124991
play,0.6780542428296681
played,0.15461222708725078
player,0.3779684245162543
playing,-0.10064501355738094
plaza,-0.0231513399327493
please,0.8751540959678239
pleased,-0.2019384338518528
pleasure,-0.2695140489256662
plenty,-0.07267656760618081
plm,-0.004861539751675522
pls,-0.5195331289424195
plus,0.027000580241105045
plz,-0.2625493146263635
pm,0.5369661060861481
pmin,1.2364553106240916
pmsg,1.2422734822469716
pmsgp,0.2090157109511952
pmsgrcvdhgsuitelandsrowwjhl,0.06413816491637775
pmt,0.013346914694450521
pmtmsg,0.0
pmtmsgrcvd,0.09191853357903608
po,1.3504274216233894
pobox,1.2606067396617313
poboxwtgp,0.2278463319162008
poboxwwq,0.3133538423091491
pocketbabecouk,0.2169231445976445
pod,0.18972496952446768
poem,-0.011971889444342462
point,0.2014266378604585
poker,-0.032214396418510864
pole,-0.0016337196124294546
police,-0.4040947679279664
politician,-0.24743680377240798
polo,0.1269647367259254
poly,0.9397387899009111
polyh,0.08103155907955767
polyph,0.16063795796094293
polyphonic,0.3057835476803418
polys,0.6864533433758886
pongal,-0.03892812497703116
pongaldo,-0.017542313926706125
pool,-0.0066956165927547
poop,-0.06832572432538572
poor,-0.2403926564582377
pop,-0.02493039626238187
popped,-0.030738809847265944
porn,0.11658699811258913
position,-0.04422140155655088
possession,-0.07126098710522101
possible,-0.13167837696128365
post,-0.110060624238868
postcard,-0.07737931974187214
postcode,0.17206310608077274
posted,-0.05976218273041211
potential,0.14051101062239924
potter,0.24670686561136573
pouch,-0.013419481516880265
pound,1.1121117546203876
pours,-0.017745371764982736
pout,-0.006253173642866039
power,-0.15564963348138502
ppermesssubscription,0.03710899473059937
ppl,-0.08301609685552576
pple,-0.05409745419577693
ppm,1.0326322327261894
pptxt,0.20969353866956977
ppw,0.18933228185326523
prabha,-0.11667206912150796
prabhaim,-0.04434234118512539
practical,-0.03359449315974036
practice,-0.00884415981151347
practicing,-0.08784715164684356
pray,-0.15446870919978606
praying,0.0
prefer,-0.024596700432170784
preferably,-0.04020813460636395
prem,-0.23045112553486216
premier,0.3703092021242771
premium,0.321278816579574
prepaid,-0.19411843454546296
prepare,-0.02830542478621497
prepared,-0.006658175740402739
prepayment,0.17965096808979097
prescription,-0.03366456755204273
present,-0.060364525104748774
press,-0.10335636615586886
pretty,-0.1281007251544099
previous,-0.05301587549346978
previously,0.1558314990826418
prey,-0.12188772263629208
price,0.5595135485260122
prince,-0.018054050952385547
princess,-0.35290431111741294
print,-0.06738989561809276
printed,0.0
priscillas,-0.05042263768216084
privacy,-0.04065264778360906
private,1.0997503486885782
prize,2.4367889943800547
pro,0.04184695647069928
prob,-0.10169642916474439
probably,-0.3323989809297052
problem,-0.8456405530860704
probs,-0.010755451751737758
process,-0.07452064013619436
processed,0.3014916997890375
prof,-0.014202254987975158
professor,-0.05566045205948622
profile,-0.022507586249381956
profit,0.2226232368670633
program,-0.044046652859823295
project,-0.21062782389989768
prolly,-0.022066860373606098
promise,-0.28918778515264376
promo,0.13385117525347792
prompt,0.15633130408966583
proof,-0.09152605922611771
properly,-0.09096230672246618
property,-0.01573054858374139
propose,-0.030438914165988967
propsd,-0.06126603256551416
prospect,-0.015219007780864343
protect,-0.25202534596813025
prove,-0.009532078877036592
proverb,-0.013415622722250711
provided,0.12445950076368406
psms,0.2901589343095057
pt,0.1843579341219468
ptbo,-0.04540195038867831
ptone,0.30647761039857013
ptxt,0.3989967108204068
pub,-0.006855218986751285
public,-0.26854419078401914
pull,-0.04190160568112411
purchase,0.39302709571444683
purity,-0.16156014246090664
purpose,0.37244910145287763
purse,-0.015933741697355366
push,-0.13577546256275816
pussy,-0.022350688716023703
put,-0.05915635620766595
puttin,-0.028172926951340025
putting,-0.04242463391965466
pw,0.021744016017695184
pwk,0.07704807624296202
px,-0.0007712496109619986
qatar,-0.20412381965626533
quality,-0.1362610136739792
queen,-0.04079105399829052
ques,-0.03511612441887619
question,0.5410732444105739
questioned,-0.13562801268834626
questionstd,0.03684477192098049
quick,-0.07692975959953835
quickly,-0.077671853432599
quiet,-0.009540481224734934
quit,-0.02810043091523578
quite,-0.21324046416109455
quiz,1.0751052319384664
quizwin,0.09996404708559915
quote,-0.05156609551261244
quoting,0.1661417191812909
qxj,0.061104638439442145
racing,-0.02893829440043928
radio,0.20585826352569583
railway,-0.03446141683369896
rain,-0.025361464911499064
raining,-0.05227954928218242
raise,-0.031082690738861125
rajipls,-0.02865918604734391
rally,0.9259735678056772
ran,-0.08289673801391485
random,-0.05674243891999868
randomly,0.1682666205677001
rang,0.0
ranjith,-0.09116700941184452
rate,0.8850050624252157
rather,-0.1425090636053811
ray,-0.051161466852568345
rcv,0.45870720648886704
rcvd,0.5767562994963935
rd,-0.13570734266155007
re,-0.042521822484914006
reach,-0.20578653365723426
reached,-0.0814833565430214
reaching,-0.07802983182535732
read,0.06868105285447408
reading,-0.29905684310174263
ready,-0.26732782244685976
real,0.8686894458978304
reality,0.12453229482867804
realize,-0.016723606495187712
realized,-0.034450195087315616
really,-0.7994126643574676
realy,-0.04350638212282127
reason,-0.39863748559093903
recd,0.20835023450889162
receipt,0.3263456977835673
receive,0.7498940988021207
received,0.422541187520653
receiving,0.2732296993718633
recent,0.18430887561701645
recently,-0.07266758119003654
record,0.12995131227688697
red,-0.04447767755812655
ref,0.08954738644852331
reference,-0.4009408069308954
refused,0.1516106378131667
regard,-0.19404649370700733
regarding,-0.09283267537477344
register,0.29874634656254245
registered,0.4129573486448687
regular,-0.038549308216211955
relation,-0.02953999499410281
relax,-0.2393963124284812
released,0.21609119114162284
rem,-0.016262622780282687
remain,-0.1146950901294822
remains,-0.030362392568450088
remember,-0.344540215247244
remembered,-0.12012127894668352
remind,-0.03545975036563351
reminder,0.22229412133525478
remove,-0.09072916368951331
rent,-0.23864440553518862
rental,0.41803360398932493
rentl,0.22717569326253265
repair,-0.042998979877458834
replied,-0.06187775046454274
reply,2.94404607951891
replying,0.39880510716507106
report,-0.23934844942791553
representative,0.12585398864507136
request,-0.006654782140959248
research,-0.08632772755927268
respect,-0.04218650193562006
responcewhat,-0.05171028475593414
respond,-0.07788954884081506
responding,-0.03573475057254279
response,-0.12037534919626804
responsibility,-0.11900298458729347
rest,-0.08291241679098564
result,0.22638713950019942
return,-0.08555942830375683
returned,-0.047457617558659355
reveal,0.4312516511605491
revealed,0.6108379959113355
review,0.20143364686730986
reward,0.5077576481597585
rich,-0.11411694600644358
ride,-0.12508766078875802
right,-0.6809350528743338
rightly,-0.10645026811618273
ring,0.3600941888959622
ringtone,1.4905787543585338
ringtones,0.3862389813454075
risk,-0.01181776163696749
rite,-0.0645041957598208
river,-0.01859007251716578
road,-0.24972004530974762
roast,-0.03179632265410448
rock,-0.18942889740776744
rofl,-0.08400597374106289
roger,-0.04497908532342169
role,-0.15295673885349226
romantic,-0.1530106947723506
ron,-0.0232945032377452
room,-0.34205685153681387
roommate,-0.136006499204413
rose,-0.08450141373093112
round,0.05828045207213228
row,0.015678018262651017
rowwjhl,0.35433673492179846
royal,-0.027887231493220085
rply,-0.0050258321197455234
rreveal,0.5912738406911087
rstm,0.18890259403073914
ru,-0.04426154865302494
rude,0.41776377734947
rule,-0.3329275807666584
run,-0.2961101191776816
running,-0.26359123042627636
rush,-0.020370402116710335
sad,-0.1552581222447978
sae,0.48213909851034403
safe,-0.12416182447045661
said,-0.7263721559620603
salary,-0.030490287009654463
sale,0.10545507166598007
sam,0.2494611262578331
santa,0.7188966196959429
sat,0.03101605528954656
satisfied,-0.13877113718850825
saturday,0.09628954470971376
saucy,0.2169231445976445
savamob,0.5182502227378569
save,-0.09031085960514999
saved,-0.10544614795550467
saw,-0.20725370161149034
say,-0.9516244068933454
saying,-0.20351779629422473
scared,-0.02439783478444272
scary,-0.05313214226443098
sch,-0.05700490568103823
school,-0.375569613789709
score,0.11933729990763187
scotland,-0.00538520228437715
scream,-0.07907873044683691
screaming,-0.04361160121764237
screen,-0.08774669726170972
se,-0.012174817606409594
sea,-0.19063396796158638
search,-0.13350957637980582
searching,-0.13347527775253792
season,0.01298052084735972
seat,-0.015255504573860167
sec,0.43217789519474487
second,-0.2698734783809508
secret,0.6145501921129403
sed,0.2219248395103249
see,0.1324250473171778
seeing,-0.26383563263734583
seem,0.24188136165575194
seemed,-0.04139689902554728
seems,-0.18251010399225756
seen,-0.16031383277216613
selected,0.8499753981665573
selection,0.4421456020262812
self,-0.32256408622309013
sell,0.2029847608349294
selling,0.1037434949343555
semester,-0.1501670182017828
sen,-0.06002218983323115
send,1.5798438274787214
sending,0.15154434020783594
sense,-0.23827573805631988
sent,0.08776994300191573
sentence,-0.06822752077759547
sept,0.4730191181194043
series,-0.09150770451759219
serious,-0.17094116281598518
seriously,-0.12617356956991255
service,2.490180009271311
set,-0.4220771094745614
setting,0.22715025424848737
settle,-0.038262751102411334
settled,-0.07142048096437578
seven,-0.026543034370825468
sex,1.0119515732738924
sexy,1.1189494311815877
sha,-0.06166353164220665
shall,-0.3927706309826602
shame,-0.0031568424884946735
share,-0.3172558396832177
shd,-0.03956802147431315
sheet,-0.021037445235186702
shelf,-0.03547496321622814
shell,-0.10041666337236355
shes,-0.3635625975923869
shesil,-0.04461581870006205
shijas,-0.017350257495729136
shipping,-0.038986499585880276
shirt,-0.08204395006008354
shit,-0.3963092165796551
shld,-0.004473212998509873
shoot,-0.03016940740738255
shop,0.36123136876958034
shopping,0.018017454277206833
short,-0.04365335479083127
shortage,-0.018410823860183004
shorter,-0.009497404514474114
shortly,0.39531288765721584
shot,0.17339960843296068
shouldnt,-0.15728870372523712
shouted,-0.06410748647778658
show,0.5499601016642771
shower,-0.11369740664022682
showing,-0.1800244316607629
shuhui,-0.04811277743114767
shut,-0.013317694588797073
shy,-0.014305409263738246
si,-0.12139985453523551
sib,-0.25202534596813025
sick,-0.08226907068464377
side,-0.15704251503086186
sigh,-0.05786888343510439
sight,-0.14384390155167065
sign,0.19654268681648257
signing,-0.007384226042608403
silence,-0.027504530547721152
silent,-0.08655637506457844
silently,-0.07186211789877618
silver,-0.0018159198020794116
sim,0.1436669247131536
simple,-0.10884069391065684
simpler,-0.03829457984485281
simply,0.2610997284867647
since,-0.17345406614853234
sinco,-0.06569341534201305
sing,-0.020627217010564285
singing,-0.14703073733504957
single,0.42430071587428086
sip,-0.004669200610363832
sipix,0.5164534920918787
sir,-0.9322726577617201
siri,-0.13562801268834626
sister,-0.40507291730316736
sit,-0.07107923678211851
site,-0.09946308800943043
sitll,-0.048427435540166264
sitting,-0.13834828232648833
situation,-0.28209089574524415
six,0.11047040033481668
size,-0.022054614731898667
sk,0.07436264984308032
skilgme,0.09366123162443765
skillgame,0.03710899473059937
skip,-0.00435552625017606
skxh,0.1876993882410873
sky,0.6095354109706168
skype,-0.17790555304348354
skyped,-0.03874425657148932
slap,0.0
slave,-0.050849561197568574
sleep,-0.428858943524381
sleepin,-0.04958710532909557
sleeping,-0.2737081141672804
sleepingand,-0.08987070702576153
sleepsweet,-0.048427435540166264
sleepwellamptake,-0.04297652087521714
sleepy,-0.04197749997457081
slept,-0.0955582412062652
slice,-0.020767915090218574
slide,0.14305821001794558
slightly,-0.030708187938336295
slip,0.0
slipper,-0.04399897606803543
slot,-0.009968192878829465
slow,0.026447225848926628
slowly,-0.11949748768222199
sm,0.9001468119403918
small,-0.16832684135728795
smart,0.10462533490391136
smashed,0.21575865566458044
smell,-0.013542741063194792
smeone,0.0
smile,-0.4412344073253574
smiled,-0.014238152700395345
smiling,-0.419037632713162
smoke,-0.40307402380350377
smoking,-0.01911035003030781
smth,-0.07558157029300278
sn,-0.38875302474707485
snake,-0.03805004840028266
snogs,-0.02794631242123833
snow,-0.1298238910146154
snowman,-0.028762357270211925
social,-0.20183121970242265
sofa,-0.03598644372630455
soft,-0.024011150755036063
software,-0.09780462703039686
soiree,-0.018097824021452224
sol,0.1973883948332666
solve,-0.1518464117254415
solved,-0.015537269237955046
somebody,-0.034182860882431707
someone,0.25660824935641835
somethin,-0.06077651423639574
something,-0.947835578532346
sometime,-0.07656774821858266
sometimes,-0.10474220118033237
somewhere,-0.16505521030238512
song,-0.0341602750272173
sony,0.540148548892777
sonyericsson,0.05450829840174781
soo,-0.01086874072057426
soon,-0.20220562217016697
sooner,-0.04044954209833853
sooooo,-0.00514600165819301
sore,-0.029173087584189135
sorrow,-0.02274400112487128
sorry,-0.9083067080619034
sorryin,-0.05043947034322323
sort,-0.08540788804414988
sorted,-0.04232628448509223
sorting,-0.04390039658325656
sory,-0.04434234118512539
sorydarealyfrm,-0.04434234118512539
soul,0.0
sound,-0.010009475347137638
soup,-0.017258460032363265
source,-0.01791214718806993
south,-0.1392456862451475
sp,0.31065025542106395
space,0.0984330609995193
spanish,0.08388983754433296
spare,-0.08983145582505707
speak,0.13286724555338367
speaking,-0.1746240612033954
special,0.5257670222281433
specialcall,0.5912738406911087
specially,0.4168011262706785
specific,-0.050447976385393396
speechless,-0.1028584505861626
speed,0.009747421897861973
speedchat,0.10823967570221059
speeding,-0.06126603256551416
spell,-0.03605823241015908
spend,-0.15919764296905592
spending,-0.07841326347732806
spent,-0.16479017524431416
spile,-0.009063339427448032
spk,-0.03101317722476056
spl,-0.03809053529221418
splleing,-0.048427435540166264
spoiled,-0.01542672805035793
spoke,-0.1782575336270812
spoken,-0.05689460288868283
spook,0.21847333526622353
spoon,-0.04820152396371766
sport,0.4070881598216515
spree,0.19567866584642357
spring,-0.04789849919059295
sptv,0.37455807054200685
sptyrone,0.4935982553974334
sry,-0.02713058080706347
st,0.7368523911828236
staff,-0.01768350447173582
stamp,-0.04759524004509303
stamped,0.1028919949153691
stand,-0.0569295674817685
standard,0.16287204696372432
standing,-0.048321062905362616
star,0.20324403867038024
staring,-0.1354178647270245
start,-0.04724054741839013
started,-0.06446162152420024
starting,-0.09493344620881887
starwars,0.40441376030454435
statement,0.9645216068801474
station,-0.07844879248316175
status,-0.053723816335437304
stay,0.2245314819940566
stayed,-0.028847523924869965
stayin,-0.045495507889640976
staying,-0.13495953206682315
std,0.7662094186898525
steam,-0.02774673845078035
step,-0.041511766596675354
stick,-0.06945575684059245
sticky,0.12832433995129414
still,-0.7802287189112467
stock,-0.04227949387779795
stockport,0.17878951660292663
stomach,-0.0170985233255197
stomp,-0.006253173642866039
stone,-0.09972869650021678
stop,2.9026103736917985
stopped,-0.07084801698236384
stoptxt,0.06362343095703976
stoptxtstop,0.23712411678961914
store,0.2759977235832087
storming,-0.00021339391926685001
story,0.2116234780873512
str,0.04018785179253237
straight,-0.03197671232516453
strange,-0.1374274606003208
stranger,-0.043770270633437816
street,0.006967410504474498
stress,-0.06856876298657441
stretch,-0.0029257134605193925
strike,-0.10769846751198034
strip,0.3097533694041914
strong,0.07796741889667266
strongbuy,0.28971703141515825
stuck,-0.0065491982004734
student,-0.09319761490717415
studentsthis,-0.05566045205948622
study,-0.1190962277508363
studying,-0.19173863678351022
stuff,0.042938471272574184
stupid,-0.11812378873631603
stupidits,-0.0848558303700241
style,-0.2707898856638755
stylish,-0.04750609493501569
sub,0.2838523989403789
subpoly,0.1048035281025869
subscribed,0.14601152529589279
subscribegbpmnth,0.17831932279597637
subscriber,0.6124440786266913
subscription,0.2670119411532571
success,-0.033578677809988834
successful,-0.01004518973598845
successfully,-0.33463429404456935
suck,-0.10078266688982222
sucker,-0.020199988209183194
sue,0.5405427366192195
sufficient,0.05540479638565854
sugar,-0.04437024296660923
suggest,-0.03206619854148651
suggestion,-0.07590136635649786
suit,-0.03511612441887619
suite,0.10201527642424377
sum,-0.055449234081149094
summer,0.3955927226735252
sun,-0.0013681757097820288
sunday,-0.23855531010778366
sunlight,-0.09415486408947585
sunny,-0.0722547594089623
sunshine,0.5350282204233815
suntec,-0.023943797159468334
sup,-0.13953951163923287
super,0.10131124417780513
superb,0.05783197726327105
superior,-0.11200943878992088
supervisor,-0.1842751441114055
supply,0.07927594572145094
support,0.1031804840981257
suppose,-0.03229719010495701
supposed,-0.29330375283818494
suprman,0.40441376030454435
sura,-0.10016345565336135
sure,-0.6276299338065174
surely,-0.009341896950624038
surfing,-0.10157545245860744
surprise,0.28051360883188736
surprised,-0.05291923753495618
survey,0.10970445579266225
sux,-0.02096614202825888
suzy,0.20049509519481754
sw,0.18890259403073914
swatch,-0.01979790445323558
sweet,-0.35929404723896974
sweetest,-0.07211069778478287
sweetheart,-0.019415264488975455
sweetie,0.0
swimming,-0.04701719721862535
swing,-0.10360841997013133
swiss,-0.24743680377240798
switch,-0.032033301292620685
swoop,-0.023842323157650374
swss,0.23546515660590592
swt,-0.04525548080154676
swtheart,-0.16391280064584704
symbol,0.20449988674335307
system,-0.17023602833218882
ta,0.29762464922341103
table,-0.03943810978757543
tablet,-0.05074149800720812
taco,-0.016761841022287637
tahan,-0.002639166313910237
take,0.22041720690561187
taken,-0.03854253316519316
takin,-0.07272399590262617
taking,-0.12915529115333946
talent,-0.07124751525987791
talk,-0.12024851643118462
talking,-0.13227357792810365
tampa,-0.10545039210927834
tank,-0.041718217608497005
tap,-0.009063339427448032
tape,-0.03489279707088604
tariff,0.17576683265726442
taste,-0.024367587501422712
tat,-0.06659786541439945
taunton,-0.04324311587119311
taxi,-0.02549909925638429
taylor,-0.09777431819811987
tb,-0.046777743073594294
tc,1.4849464675477078
tcrw,0.1476693808055153
tctxt,0.0
tea,-0.25127707744872524
teach,-0.07091286871973396
teacher,-0.04917501921592555
team,0.22525320889828662
tear,-0.06926467393515573
tease,-0.004475202307357857
teasing,-0.1317387256012518
tech,-0.22366374166438144
technical,-0.11818876257230712
tee,-0.023527118881847407
teeth,-0.00644430399454933
tel,-0.1235010303627524
telephone,-0.0033626530216204755
tell,-0.531848096788091
telling,-0.2646529018454771
telly,-0.017021714379910742
telphone,-0.00021339391926685001
temp,-0.2219922375632578
temple,-0.07332111582632118
ten,-0.1616806235182402
tenant,0.37244910145287763
tenerife,0.11904845529620793
tension,-0.03646897398681166
term,0.607922262352311
terrible,-0.00812361416906015
terrific,-0.06941675415151947
terrorist,-0.05113165289099321
tessypls,-0.017350257495729136
test,-0.36299788895526386
testing,-0.03893282766501911
text,3.0796205090060416
textbuddy,0.10656566822602676
texted,-0.09021934045820555
texting,0.2217064106695331
textoperator,0.6250074978282812
textpod,0.056340594499823884
th,-0.31661633897189034
thangam,-0.021723014577436077
thank,-0.427725329782353
thanks,-0.03881321912138721
thanksgiving,-0.07427937065801217
thanx,-0.1928330385612073
that,-0.14588439462249672
thatll,-0.021379937876691544
thats,-1.0149554370700702
theatre,-0.06171691739340261
themob,0.2178436642165817
theory,-0.06338565044855012
there,-0.17029530871935367
therere,0.0
thesis,-0.030936140324045684
theyre,0.08626717789823221
thgt,-0.013733397223771388
thing,-1.1209531904161598
think,-0.1907168108661822
thinkin,-0.3112241971917544
thinking,-0.16735700659070502
thk,-0.13821504575084845
thm,-0.0822101063495541
thnk,-0.12519012900600154
tho,-0.11249561516834103
thot,-0.04083387414381857
though,-0.288403810762213
thought,-0.4407458253709675
thousand,-0.015393194505336327
thread,-0.07317481004598031
three,-0.17563528440634268
threw,-0.06126603256551416
throat,-0.11349251021312808
throw,-0.12485227714763539
thru,-0.3473643837605298
tht,-0.12942586685442836
thts,-0.039848998359523595
thurs,0.17010731830548703
thursday,-0.05593077540291865
thx,-0.042504786156444284
thy,-0.06126603256551416
ti,-0.011900519953988251
tick,-0.030735237653374527
ticket,-0.013155979322346939
tight,-0.02529198729930993
tihs,-0.09685487108038368
til,-0.2640785809487077
till,-0.09792515284358615
time,-0.14983173636549066
timing,-0.035132607187075095
tip,0.07265735092646342
tired,-0.20335089641951912
tirunelvali,-0.11810371484247227
tirupur,-0.03815935402244899
title,0.09126792051905014
tiwary,-0.07545297130405908
tkts,0.12667539208756046
tlk,-0.0167908134430434
tm,-0.04221286971558691
tming,-0.047970118883793475
tmobile,0.3270915356316081
tmr,-0.1309426063028043
tmrw,0.0
tnc,0.0809336417672584
tncs,0.26217104869863667
toa,-0.019159567244568746
toclaim,0.17878951660292663
today,-0.027868544871645085
todayfrom,0.07304901771849816
todaysundaysunday,-0.05061497428057598
tog,-0.01913628922036976
together,-0.28590408286102575
tok,-0.02593972583282724
told,-0.3368521379310297
toll,-0.13877113718850825
tom,0.03604326232441648
tomarrow,-0.045015350352555106
tomeandsaidthis,-0.24614950302687075
tomo,-0.1520198465257219
tomocant,-0.06321837323180188
tomorro,-0.0040053377251101155
tomorrow,-0.5169323272204434
ton,-0.017304220128699914
tone,2.14731315546147
tonesu,0.06883689578126284
tonesyoucouk,0.09640644829769003
tonight,-0.2764558339658366
tonite,-0.15749791419530149
took,-0.32252775380422377
toot,-0.015086695903290764
top,0.8088786021373937
torch,-0.05622352961284892
tot,-0.10633734037558445
total,0.00613786699226218
totally,0.001435952122422822
touch,-0.023348192886486863
touched,-0.24342074883150097
tough,-0.09500073641243646
tour,0.21613340867894215
towards,-0.1606311957753493
town,0.1435485552739943
track,-0.3418934217249535
train,-0.1562661433621102
training,-0.19465760315208236
transaction,-0.2766165420436461
transfered,-0.1458095731809337
travel,0.0554897341516425
treat,-0.1637304290650835
tree,-0.11141360020960216
tried,0.4484287271446762
trip,-0.04105999183436764
trouble,-0.10873279864974734
true,-0.21464993697579696
truly,0.6664270928030742
trust,-0.2035145358647249
truth,-0.15553869887566846
try,-0.18979546318305854
trying,0.009551075548465519
tscs,0.5564302742968958
tsunami,0.2745745194251685
tt,-0.03292171275455284
ttyl,-0.12075837329881672
tuesday,-0.08382541613997778
tuition,-0.025730031088830322
turn,0.030289262228850988
tv,0.4672194494383678
twelve,-0.12467317528145634
twice,-0.10890531673262659
two,-0.3496897591413844
txt,4.345586462043288
txtauction,0.06736891934134011
txtin,0.2710476130453192
txting,0.2911038046404006
txts,0.9267627630759611
tyler,-0.062205496982131854
type,-0.13016330377637764
ufind,0.5912738406911087
ugh,-0.08797407405147087
uk,1.6324542309225132
ull,-0.05852087155454296
umma,-0.06034004766565064
ummmmmaah,-0.017912167159401183
unable,0.004173294818652801
uncle,-0.23476730516054753
understand,-0.15799502057909828
understanding,-0.11651058415174093
understood,-0.056740085846016426
uni,-0.08541756439902173
unique,0.4244022663369917
university,-0.062215726843701545
unless,-0.2684020179285131
unlimited,0.13455456030043098
unredeemed,0.5714320143545631
unsold,-0.01239926361646109
unsub,0.2866631226850738
unsubscribe,0.7366824381128588
update,0.11600416776124066
upgrade,0.05430747876964771
upload,0.11205399997154353
upto,-0.005198622684982068
ur,1.687867244414478
ure,-0.04464588697549656
urgent,1.5187007743033156
urgentbut,-0.018410823860183004
urgentlyits,-0.018410823860183004
urgnt,-0.16575997701781148
urn,-0.13138683068387616
urself,-0.10420688971154224
use,0.5242324825052092
used,-0.38541079374264603
user,0.7399903335600332
usf,-0.07615983785815397
using,-0.054388112231424146
usual,-0.08729222266863942
usualiam,-0.012023371460436019
usually,-0.10363160719506245
uve,0.3689478456759868
uz,0.23155366302428088
valentine,-0.10393155426875791
valid,0.3411899645183997
validhrs,0.10974517221638026
valuable,-0.21200572815951696
value,-0.09348160173583422
valued,0.5364119144518196
various,-0.0328735240135888
vary,0.14413335104878805
vava,-0.02597941010593912
ve,-0.0702562704614044
vegetable,-0.13562801268834626
verify,0.2879397999320326
version,-0.042876924832992415
vettam,-0.14720924435687024
via,-0.14903359506133967
video,1.3629893132183326
videochat,0.22717569326253265
videophones,0.22717569326253265
vijay,-0.04546662411191068
vikky,-0.0680225119560579
village,-0.012523437914553227
violence,-0.06532015795468392
vip,0.29340769120597615
virgin,0.03405003944629814
visit,0.36939921320065805
vl,-0.11411312900128454
voda,0.1661417191812909
vodafone,0.33633763353184376
vodka,-0.056726630009193334
voice,-0.3061586779742044
voicemail,0.770163441713105
vomit,-0.22034032121252795
vote,-0.0496081571057284
voucher,1.3114849614813187
vry,-0.037690239137640004
wa,-0.026348479358735213
wah,-0.009739408780658276
wait,-0.23506021380981343
waitin,-0.027209563197704838
waiting,0.7456549120972364
waitu,-0.07211069778478287
wake,-0.2298615133433613
waking,-0.03125854423699255
walk,-0.07608178513298301
walked,-0.011148431921663484
walking,-0.09975039133605403
wall,-0.06470016469309155
walmart,-0.053736577089646236
wan,-0.013665942353441748
wana,-0.10011692335749216
wanna,0.2143082279614728
want,-0.1488761533885211
wanted,-0.15370514096431626
wanting,0.009430889635342698
wap,0.9920923238516389
warm,-0.04236672591834575
warner,0.11662724287865264
wasnt,-0.29373210119433496
waste,-0.11863405053045523
wat,-0.404688826530541
watch,-0.21040488663508627
watching,-0.3790698385459024
water,-0.15887150487540658
wats,-0.11778787888593083
way,-0.8262090891072216
wb,0.3497499459991723
wcnxx,0.1421162204806779
we,-0.043484973024659195
weak,-0.023237265938307147
wear,-0.054744903587215954
wearing,-0.02897848371405541
weather,-0.12768636194540098
website,0.16080177451537278
wed,-0.1698765479153361
wedding,0.05745722880173105
wednesday,-0.16197104327242176
weed,-0.20622185115816272
week,0.8455443482794394
weekend,0.3051724136945155
weekly,0.8535528463707435
weight,-0.047262270476909944
weird,-0.06894537937363013
welcome,0.7713912587800025
well,-0.6908672048812518
welp,-0.06111815197445092
wen,-0.2560574345088258
went,-0.5463024033791395
wer,-0.16698135617823098
wet,0.053232993598100735
weve,-0.12921480601533378
whatever,-0.50860414398208
whats,-0.2866679378168979
whenever,-0.2063336161755862
whenevr,-0.0764260990520293
whens,-0.09923506426055125
wheres,-0.07969428074901132
wherever,-0.09054733332108314
whether,-0.12254044330389376
white,-0.03641272250807145
who,-0.1991959353364357
whole,-0.22209512995620975
wid,0.07384061144264459
wif,-0.10820267498639607
wife,-0.43902071490209194
wifehow,-0.035185766124251915
wil,-0.18070376625947002
willing,-0.0013196651645190991
win,2.4337512457331436
wind,-0.09019039005826165
window,-0.031234302228942298
wine,-0.15973622227684567
winner,0.8421446511815853
winning,-0.03316776990797862
wisdom,-0.03566248120427374
wise,-0.10945531589162773
wish,-0.1438753821801498
wishing,-0.18400672409761082
wit,-0.15952539215480457
within,0.47475168801413103
without,-0.3021933894351037
wiv,0.03309237854122958
wk,0.601428917743251
wkend,0.0664507059839958
wkg,-0.1091793059898739
wkly,0.6416682182888301
wks,0.07669630633457572
wn,-0.05919880987405091
wnt,-0.04308854553267529
woke,-0.05885058573257362
woman,-0.11780537048132934
wonder,-0.15910800657712162
wonderful,-0.36411518179700614
wondering,-0.2404394304142424
wont,-0.04105448852792291
word,0.33179234122752416
work,-0.48580624875263717
workin,-0.039192657153679776
working,-0.3816741102268244
world,-0.4301459612128422
worried,-0.15206841530550844
worry,-0.29760252880720445
worse,-0.2687914143423599
worth,0.6443451898229642
wot,0.2500770102146948
would,-0.4468076974299466
wouldnt,-0.019763026132561055
wow,0.116760370757056
wp,0.07436264984308032
write,-0.14758815626241184
wrong,-0.13533182884645956
wt,0.012367161031712915
wtf,-0.11047430101024297
wu,0.286269024964133
wun,-0.03319021532902075
wwq,0.1218164197096237
wwwcomuknet,0.08033558531847113
wwwgetzedcouk,0.1617910846707
wwwldewcomwinppmxage,0.05749795555074793
wwwringtonescouk,0.22108073509087417
wwwtcbiz,0.22184009768338736
wwx,0.08827002838833407
wylie,-0.06751717036880003
xavier,0.0
xchat,0.3001605000412162
xmas,0.7253690403506357
xpwk,0.20391959472833845
xuhui,-0.02547099335535704
xx,0.6472556556607557
xxx,0.7410340934092378
xxxx,-0.29069804333413035
xxxxxxx,0.04962595919156524
xxxxxxxxx,0.1569205665528943
xy,-0.04133758664029019
ya,-0.31272545730551327
yahoo,0.15369801112461026
yan,-0.012119017878513657
yar,-0.06133167272139666
yay,-0.03864980748812139
yeah,-0.590192600635046
year,-0.001534053998672715
yep,-0.10827695479980073
yer,0.08827002838833407
yes,0.2350458894583798
yeshe,-0.05554093200578511
yeshere,-0.017430213776111043
yest,-0.019886726711502278
yesterday,-0.13249861547730463
yet,-0.290553081921533
yetunde,-0.03502081743690515
yijue,-0.024875456748405182
ym,-0.007212215937984801
yo,-0.1511109024344642
yoga,-0.029311731052463017
yogasana,-0.02251143203996509
yor,-0.09703814291579455
you,-0.023667300975617922
youclean,-0.049956345849328516
youd,-0.15897956150558606
youll,-0.10804377889641958
youre,-0.49365843644564616
youve,0.035553123612021835
yr,0.3773419769212288
yummy,-0.01213606212336767
yun,-0.10793808322610941
yunny,-0.016569597411510963
yuo,-0.09685487108038368
yup,-0.31828596425384675
zed,0.3501097451717901
üll,-0.030019232056366474
